응답번호,제출시간,기관명,기본-0_연령대,기본-1_경력,기본-2_기관유형,기본-3_소속기관명,현공-1_전년도만족도,현공-2_어려운영역,현공-3_업무량적절성,현A-1_지적사항개선,현A-2_이직잦음,A-1_점검선호방식,A-2_도움항목,A-3_강화항목(복수),A-4_개선지원필요,A-5_주관식,C-1_협의회주제(복수),C-2_운영횟수,C-3_운영방식,C-4_사례공유필요,C-5_운영시간,C-6_주관식,D1-1_컨설팅분야(복수),D1-2_컨설팅방식,현D2-1_특화대상자수,현D2-2_위기사례경험,D2-1_특화지원필요,D2-2_즉각연락체계,현D3-1_협력체계원활,D3-1_퇴원환자필요지원,D3-2_사례공유필요,D4-1_노무유형(복수),D4-2_노무방식,D4-3_주관식,현B전담-1_미참여이유,현B1-1_역량부족영역(복수),B1-1_교육주제(복수),B1-2_운영방식,B1-3_신규경력분리필요,B1-4_주관식,현B3-1_소진경험,B3-1_소진상황(복수),B3-2_심리지원프로그램,B3-3_자조모임의향,B3-4_주관식,현E1-1_ICT어려움,E1-1_ICT지원항목(복수),E1-2_ICT어려운점,현E2-1_나눔연계원활,E2-1_나눔필요지원,E2-2_나눔어려운점,현E3-1_서비스인지,E3-1_홍보채널,E3-2_주관식,F1-1_홍보채널(복수),F1-2_주관식,F2-1_표창어려운점,F2-2_표창필요지원,현F3-1_폭언경험,F3-1_종사자지원(복수),F3-2_주관식
1,2026-04-23 10:38:00,거제노인통합지원센터,2,2,2,거제노인통합지원센터,4,4,3,5,2,3,1,1,3,현장 방문 횟수가 늘어나면 좋겠습니다.,1;2,3,2,4,4,온라인 교육 병행을 희망합니다.,3,2,2,3,5,3,4,5,4,2;6,5,온라인 교육 병행을 희망합니다.,1,1,6,2,4,실무 매뉴얼 보완이 필요합니다.,1,4;5,5,3,종사자 처우 개선이 시급합니다.,1,1;3;4,3,1,3,4,2,4,현장 의견 반영이 더 필요합니다.,2;3;5,사전 안내를 좀 더 일찍 해주시면 좋겠습니다.,3,5,3,2,지속적인 지원을 부탁드립니다.
2,2026-04-25 11:34:00,거제사랑노인복지센터,5,1,3,거제사랑노인복지센터,4,1,1,3,3,2,1,5,1,사전 안내를 좀 더 일찍 해주시면 좋겠습니다.,1;2;4,2,4,2,3,종사자 처우 개선이 시급합니다.,2;4;5,3,4,3,3,4,4,1,2,1,3,현장 의견 반영이 더 필요합니다.,5,1;2;5,6,1,2,사전 안내를 좀 더 일찍 해주시면 좋겠습니다.,1,1;2,3,4,교육 주제가 다양해졌으면 합니다.,2,1;4;5,4,4,2,1,1,4,지속적인 지원을 부탁드립니다.,4;5,현장 의견 반영이 더 필요합니다.,1,1,2,1;2;3,교육 주제가 다양해졌으면 합니다.
3,2026-04-07 17:28:00,하청교회 행복늘푸른대학,2,4,2,하청교회 행복늘푸른대학,3,4,2,1,4,1,1,1;4;5,2,담당자 응대가 친절하고 도움이 되었습니다.,4;6,2,4,1,2,현장 방문 횟수가 늘어나면 좋겠습니다.,4,3,4,2,4,4,2,2,3,1,5,종사자 처우 개선이 시급합니다.,1,1;3;4,4;5;6,2,1,종사자 처우 개선이 시급합니다.,1,1,5,1,교육 주제가 다양해졌으면 합니다.,4,5,2,1,5,1,4,5,실무 매뉴얼 보완이 필요합니다.,1;3;5,지속적인 지원을 부탁드립니다.,2,3,2,6,행정 절차 간소화가 필요합니다.
4,2026-04-15 14:59:00,하청교회 행복늘푸른대학,1,1,4,하청교회 행복늘푸른대학,5,5,1,1,5,2,5,2;3,1,교육 주제가 다양해졌으면 합니다.,2;3,4,3,1,3,사전 안내를 좀 더 일찍 해주시면 좋겠습니다.,3,1,1,3,5,2,3,3,2,2;3;6,5,온라인 교육 병행을 희망합니다.,3,1,1;3;4,1,3,담당자 응대가 친절하고 도움이 되었습니다.,3,4,5,4,종사자 처우 개선이 시급합니다.,1,1,2,1,3,5,2,4,담당자 응대가 친절하고 도움이 되었습니다.,3,지속적인 지원을 부탁드립니다.,1,3,1,1;2;3,종사자 처우 개선이 시급합니다.
5,2026-04-28 15:39:00,은빛노인통합지원센터,2,2,2,은빛노인통합지원센터,2,4,1,2,3,4,2,1;2,4,현장 의견 반영이 더 필요합니다.,2;6,4,3,3,2,교육 주제가 다양해졌으면 합니다.,6,2,4,2,3,1,3,3,4,1;3;5,1,행정 절차 간소화가 필요합니다.,2,1;3;4,3;4;6,4,1,현장 방문 횟수가 늘어나면 좋겠습니다.,2,1;4,1,2,지속적인 지원을 부탁드립니다.,4,3,5,3,1,3,3,4,지속적인 지원을 부탁드립니다.,2;3,교육 주제가 다양해졌으면 합니다.,4,4,3,2;3;5,현장 방문 횟수가 늘어나면 좋겠습니다.
6,2026-04-18 09:19:00,은빛노인통합지원센터,3,2,4,은빛노인통합지원센터,5,5,3,4,4,4,2,2;3;4,1,행정 절차 간소화가 필요합니다.,3;5;6,1,2,3,2,교육 주제가 다양해졌으면 합니다.,1,1,2,2,5,1,4,4,2,4;5;6,4,교육 주제가 다양해졌으면 합니다.,2,1;2;5,2,4,1,종사자 처우 개선이 시급합니다.,2,4,2,4,종사자 처우 개선이 시급합니다.,3,4;5,5,4,2,4,4,3,교육 주제가 다양해졌으면 합니다.,3;4;5,교육 주제가 다양해졌으면 합니다.,3,4,1,2;3;6,지속적인 지원을 부탁드립니다.
7,2026-04-11 17:05:00,거창노인통합지원센터,2,2,2,거창노인통합지원센터,4,2,2,1,4,4,3,1;4;5,2,현장 방문 횟수가 늘어나면 좋겠습니다.,1;5,4,4,1,3,행정 절차 간소화가 필요합니다.,4;5,5,5,1,4,2,3,4,4,4,3,현장 방문 횟수가 늘어나면 좋겠습니다.,2,1;2,5;7,1,1,현장 방문 횟수가 늘어나면 좋겠습니다.,2,1;2,3,4,지속적인 지원을 부탁드립니다.,2,3;5,4,3,4,3,1,4,현장 의견 반영이 더 필요합니다.,1;2;5,교육 주제가 다양해졌으면 합니다.,1,1,1,2,현장 의견 반영이 더 필요합니다.
8,2026-04-20 11:15:00,거창노인통합지원센터,2,4,1,거창노인통합지원센터,5,2,4,3,3,2,5,1;2;4,1,실무 매뉴얼 보완이 필요합니다.,3,4,4,2,1,실무 매뉴얼 보완이 필요합니다.,1;2;6,3,5,1,5,1,3,5,4,1;3;6,1,현장 방문 횟수가 늘어나면 좋겠습니다.,4,4,4;6,2,4,담당자 응대가 친절하고 도움이 되었습니다.,3,2;4;5,4,3,지속적인 지원을 부탁드립니다.,2,3,4,2,4,5,4,3,현장 의견 반영이 더 필요합니다.,2;3,온라인 교육 병행을 희망합니다.,2,3,2,3;5,행정 절차 간소화가 필요합니다.
9,2026-04-18 09:33:00,거창인애노인통합지원센터,2,1,2,거창인애노인통합지원센터,4,4,5,2,4,4,4,1,3,교육 주제가 다양해졌으면 합니다.,2;6,3,3,4,3,현장 방문 횟수가 늘어나면 좋겠습니다.,3;5;6,4,3,2,3,2,1,2,3,6,5,담당자 응대가 친절하고 도움이 되었습니다.,2,4,5;6,3,1,교육 주제가 다양해졌으면 합니다.,3,3,2,3,현장 의견 반영이 더 필요합니다.,2,1;5,5,3,2,4,1,1,실무 매뉴얼 보완이 필요합니다.,4;5,온라인 교육 병행을 희망합니다.,3,2,1,1;4,사전 안내를 좀 더 일찍 해주시면 좋겠습니다.
10,2026-04-13 16:04:00,거창인애노인통합지원센터,5,1,2,거창인애노인통합지원센터,2,5,3,1,2,1,5,2;5,4,온라인 교육 병행을 희망합니다.,3;5,4,3,1,1,교육 주제가 다양해졌으면 합니다.,1;2;3,2,2,1,5,1,2,1,4,5;6,4,행정 절차 간소화가 필요합니다.,1,3,3;4;6,1,2,행정 절차 간소화가 필요합니다.,2,1;2,2,3,담당자 응대가 친절하고 도움이 되었습니다.,1,2,3,3,4,1,4,3,현장 방문 횟수가 늘어나면 좋겠습니다.,4;5,온라인 교육 병행을 희망합니다.,1,5,1,3;6,실무 매뉴얼 보완이 필요합니다.
11,2026-04-09 09:05:00,해월노인복지센터,2,1,3,해월노인복지센터,5,1,2,4,5,4,3,5,4,온라인 교육 병행을 희망합니다.,4,3,4,3,3,사전 안내를 좀 더 일찍 해주시면 좋겠습니다.,3,4,4,2,4,1,4,1,3,1;3,4,종사자 처우 개선이 시급합니다.,1,2;4;5,2,3,4,온라인 교육 병행을 희망합니다.,1,3,5,2,행정 절차 간소화가 필요합니다.,4,1;4;5,5,2,2,3,1,5,현장 방문 횟수가 늘어나면 좋겠습니다.,2,사전 안내를 좀 더 일찍 해주시면 좋겠습니다.,4,1,3,4,행정 절차 간소화가 필요합니다.
12,2026-04-17 13:26:00,대한노인회 고성군지회(노인맞춤돌봄서비스),4,4,2,대한노인회 고성군지회(노인맞춤돌봄서비스),4,5,2,4,2,2,1,3;4,3,현장 의견 반영이 더 필요합니다.,3;6,4,2,4,4,지속적인 지원을 부탁드립니다.,5;6,4,4,2,2,2,4,2,4,3,4,현장 방문 횟수가 늘어나면 좋겠습니다.,4,1;2;4,5,3,1,온라인 교육 병행을 희망합니다.,1,1;3;4,2,4,담당자 응대가 친절하고 도움이 되었습니다.,1,3;5,5,4,1,3,4,3,온라인 교육 병행을 희망합니다.,1;4;5,행정 절차 간소화가 필요합니다.,2,1,2,6,사전 안내를 좀 더 일찍 해주시면 좋겠습니다.
13,2026-04-15 11:44:00,사회적협동조합 노인세상,3,1,1,사회적협동조합 노인세상,3,1,3,3,3,4,2,5,4,실무 매뉴얼 보완이 필요합니다.,2;5;6,1,4,2,4,실무 매뉴얼 보완이 필요합니다.,2,4,3,2,3,1,4,3,2,4,3,실무 매뉴얼 보완이 필요합니다.,3,2;3;4,2;4,4,1,교육 주제가 다양해졌으면 합니다.,4,3;4;5,3,1,현장 방문 횟수가 늘어나면 좋겠습니다.,3,5,1,4,3,2,3,2,교육 주제가 다양해졌으면 합니다.,2;3;5,사전 안내를 좀 더 일찍 해주시면 좋겠습니다.,1,3,2,5,지속적인 지원을 부탁드립니다.
14,2026-04-24 11:05:00,사회적협동조합 노인세상,3,3,4,사회적협동조합 노인세상,2,2,2,5,3,3,2,3;4,3,사전 안내를 좀 더 일찍 해주시면 좋겠습니다.,1;2,2,4,3,1,현장 방문 횟수가 늘어나면 좋겠습니다.,3,5,1,2,3,3,4,3,1,1;2;4,5,종사자 처우 개선이 시급합니다.,3,1;2;3,3;6,4,1,담당자 응대가 친절하고 도움이 되었습니다.,1,3,4,1,사전 안내를 좀 더 일찍 해주시면 좋겠습니다.,2,2;4;5,3,4,5,2,4,1,온라인 교육 병행을 희망합니다.,1;3;4,지속적인 지원을 부탁드립니다.,2,4,2,3,사전 안내를 좀 더 일찍 해주시면 좋겠습니다.
15,2026-04-22 14:34:00,사회적협동조합 노인세상,3,1,4,사회적협동조합 노인세상,3,2,1,4,1,2,5,1,3,교육 주제가 다양해졌으면 합니다.,5,2,1,2,2,교육 주제가 다양해졌으면 합니다.,2;5,1,3,1,2,3,2,1,1,1,3,교육 주제가 다양해졌으면 합니다.,5,1;2,1;2,4,1,사전 안내를 좀 더 일찍 해주시면 좋겠습니다.,4,1;3,4,2,실무 매뉴얼 보완이 필요합니다.,1,2;3;5,1,1,4,4,4,1,온라인 교육 병행을 희망합니다.,1;4;5,지속적인 지원을 부탁드립니다.,5,2,1,3,실무 매뉴얼 보완이 필요합니다.
16,2026-04-21 17:45:00,효능원노인통합지원센터,3,4,3,효능원노인통합지원센터,4,5,5,4,1,1,5,2;4;5,2,현장 방문 횟수가 늘어나면 좋겠습니다.,4;6,4,1,3,4,지속적인 지원을 부탁드립니다.,2;3;6,4,1,1,1,1,4,1,3,5,1,실무 매뉴얼 보완이 필요합니다.,5,1;2;3,6;7,4,1,행정 절차 간소화가 필요합니다.,3,1;2,2,4,교육 주제가 다양해졌으면 합니다.,1,3;5,1,3,5,2,4,5,실무 매뉴얼 보완이 필요합니다.,1;3;5,행정 절차 간소화가 필요합니다.,1,2,2,3;5;6,현장 의견 반영이 더 필요합니다.
17,2026-04-06 11:36:00,김해시종합사회복지관,4,1,2,김해시종합사회복지관,1,1,5,2,4,4,4,2;3,3,지속적인 지원을 부탁드립니다.,1;5;6,2,2,1,1,행정 절차 간소화가 필요합니다.,4;6,4,5,2,4,3,2,5,1,1;4,3,실무 매뉴얼 보완이 필요합니다.,4,1;3;4,1;5,1,2,행정 절차 간소화가 필요합니다.,2,3,3,3,사전 안내를 좀 더 일찍 해주시면 좋겠습니다.,1,2;4,2,4,5,2,3,1,현장 방문 횟수가 늘어나면 좋겠습니다.,1;4;5,온라인 교육 병행을 희망합니다.,1,3,3,4;5,현장 방문 횟수가 늘어나면 좋겠습니다.
18,2026-04-10 10:25:00,생명의전화노인통합지원센터,1,3,2,생명의전화노인통합지원센터,5,4,3,1,4,1,2,4;5,1,현장 방문 횟수가 늘어나면 좋겠습니다.,3;6,2,3,2,1,종사자 처우 개선이 시급합니다.,1;2;5,3,3,3,2,2,1,2,3,2,5,담당자 응대가 친절하고 도움이 되었습니다.,1,4,5;7,4,3,지속적인 지원을 부탁드립니다.,2,1;4,4,3,행정 절차 간소화가 필요합니다.,1,1;5,3,4,4,1,1,3,행정 절차 간소화가 필요합니다.,1,실무 매뉴얼 보완이 필요합니다.,5,5,2,5;6,현장 의견 반영이 더 필요합니다.
19,2026-04-15 12:20:00,보현행원노인통합지원센터,5,4,2,보현행원노인통합지원센터,1,4,1,3,1,2,1,4,4,종사자 처우 개선이 시급합니다.,2;3;5,3,3,4,4,지속적인 지원을 부탁드립니다.,1;3;5,1,3,1,5,4,3,3,2,1;5,2,지속적인 지원을 부탁드립니다.,3,2;3;4,1;3;5,4,3,담당자 응대가 친절하고 도움이 되었습니다.,1,1;3;4,3,3,담당자 응대가 친절하고 도움이 되었습니다.,2,2;4,2,2,2,1,3,1,종사자 처우 개선이 시급합니다.,1;3;5,지속적인 지원을 부탁드립니다.,5,2,3,2;6,담당자 응대가 친절하고 도움이 되었습니다.
20,2026-04-27 11:46:00,보현행원노인통합지원센터,4,1,4,보현행원노인통합지원센터,3,2,4,5,3,4,2,2;3;5,2,지속적인 지원을 부탁드립니다.,4;5;6,3,4,4,2,교육 주제가 다양해졌으면 합니다.,1;2;3,4,3,3,1,1,3,1,2,4;5,2,현장 방문 횟수가 늘어나면 좋겠습니다.,1,4,1;4,1,4,종사자 처우 개선이 시급합니다.,3,4,1,3,교육 주제가 다양해졌으면 합니다.,1,1;3,2,2,1,3,4,2,온라인 교육 병행을 희망합니다.,1;5,사전 안내를 좀 더 일찍 해주시면 좋겠습니다.,1,3,1,5,실무 매뉴얼 보완이 필요합니다.
21,2026-04-17 15:07:00,김해돌봄지원센터,3,2,3,김해돌봄지원센터,1,1,2,4,5,4,1,4,1,종사자 처우 개선이 시급합니다.,2;3;6,4,1,3,2,실무 매뉴얼 보완이 필요합니다.,1;2,5,3,1,5,1,4,4,1,3;4;5,1,지속적인 지원을 부탁드립니다.,1,1;2,2;3;6,1,3,종사자 처우 개선이 시급합니다.,3,2;3;4,4,2,담당자 응대가 친절하고 도움이 되었습니다.,1,1;2;4,2,1,2,1,3,3,종사자 처우 개선이 시급합니다.,4;5,행정 절차 간소화가 필요합니다.,1,2,2,1;3,행정 절차 간소화가 필요합니다.
22,2026-04-04 14:27:00,김해돌봄지원센터,4,4,4,김해돌봄지원센터,3,2,4,4,3,3,1,1;2;4,2,종사자 처우 개선이 시급합니다.,1;3,1,3,3,3,온라인 교육 병행을 희망합니다.,2;4;6,4,3,2,1,3,4,3,1,6,4,지속적인 지원을 부탁드립니다.,5,1;2;4,1;4;6,2,1,교육 주제가 다양해졌으면 합니다.,3,1;4,5,2,온라인 교육 병행을 희망합니다.,3,1;4,5,2,5,3,4,3,행정 절차 간소화가 필요합니다.,1,현장 의견 반영이 더 필요합니다.,2,4,3,1;5,행정 절차 간소화가 필요합니다.
23,2026-04-25 13:45:00,화방남해노인통합지원센터,4,2,3,화방남해노인통합지원센터,4,2,1,2,1,4,2,1;3;4,3,지속적인 지원을 부탁드립니다.,1;3;5,3,2,2,3,종사자 처우 개선이 시급합니다.,1,2,2,1,4,1,3,5,3,2;5,5,사전 안내를 좀 더 일찍 해주시면 좋겠습니다.,1,4;5,4;5;7,1,2,지속적인 지원을 부탁드립니다.,1,3;4,2,2,담당자 응대가 친절하고 도움이 되었습니다.,4,1;3;5,2,3,2,2,3,2,지속적인 지원을 부탁드립니다.,1;2;3,교육 주제가 다양해졌으면 합니다.,5,3,1,1;3;5,종사자 처우 개선이 시급합니다.
24,2026-04-21 11:37:00,화방재가복지센터,5,2,2,화방재가복지센터,5,5,3,5,1,1,1,5,3,교육 주제가 다양해졌으면 합니다.,1;4;5,4,3,3,4,교육 주제가 다양해졌으면 합니다.,3;4;6,1,1,1,4,4,4,4,2,2;5,3,지속적인 지원을 부탁드립니다.,3,2;3,1;3;5,2,4,사전 안내를 좀 더 일찍 해주시면 좋겠습니다.,3,2;5,1,1,행정 절차 간소화가 필요합니다.,4,1;2;4,3,3,2,2,4,5,온라인 교육 병행을 희망합니다.,3;4,현장 의견 반영이 더 필요합니다.,1,4,3,2;6,실무 매뉴얼 보완이 필요합니다.
25,2026-04-12 09:03:00,화방재가복지센터,3,4,4,화방재가복지센터,3,5,1,1,4,2,3,2;3;4,1,현장 방문 횟수가 늘어나면 좋겠습니다.,5,2,3,3,1,현장 방문 횟수가 늘어나면 좋겠습니다.,3;4;5,5,5,1,2,1,4,3,3,2;3;5,5,종사자 처우 개선이 시급합니다.,4,1;4;5,6,3,4,종사자 처우 개선이 시급합니다.,4,5,5,2,지속적인 지원을 부탁드립니다.,3,4,5,3,5,3,4,5,행정 절차 간소화가 필요합니다.,1;3,지속적인 지원을 부탁드립니다.,1,4,3,1;6,실무 매뉴얼 보완이 필요합니다.
26,2026-04-16 13:41:00,밀양시자원봉사단체협의회,5,2,1,밀양시자원봉사단체협의회,5,4,2,5,5,4,2,1;2;3,1,교육 주제가 다양해졌으면 합니다.,4,3,4,2,4,교육 주제가 다양해졌으면 합니다.,5;6,4,1,3,2,2,3,4,4,2;4,5,지속적인 지원을 부탁드립니다.,5,3;4,2,3,3,교육 주제가 다양해졌으면 합니다.,3,2;4,3,4,지속적인 지원을 부탁드립니다.,3,1;4,4,3,2,3,1,3,사전 안내를 좀 더 일찍 해주시면 좋겠습니다.,3;4,온라인 교육 병행을 희망합니다.,2,2,3,3;5,담당자 응대가 친절하고 도움이 되었습니다.
27,2026-04-04 12:15:00,밀양시자원봉사단체협의회,1,2,2,밀양시자원봉사단체협의회,1,1,4,3,4,1,2,5,2,현장 방문 횟수가 늘어나면 좋겠습니다.,2;4;6,3,3,3,1,사전 안내를 좀 더 일찍 해주시면 좋겠습니다.,1;2;5,2,4,1,1,4,4,2,3,1,3,실무 매뉴얼 보완이 필요합니다.,5,3,4;6,4,2,종사자 처우 개선이 시급합니다.,4,1;2,3,2,온라인 교육 병행을 희망합니다.,3,1;2;3,3,3,5,2,2,5,현장 방문 횟수가 늘어나면 좋겠습니다.,3;5,사전 안내를 좀 더 일찍 해주시면 좋겠습니다.,4,1,1,4,지속적인 지원을 부탁드립니다.
28,2026-04-08 09:16:00,밀양시자원봉사단체협의회,4,2,4,밀양시자원봉사단체협의회,3,3,3,5,5,1,3,1;2;3,1,온라인 교육 병행을 희망합니다.,2;4,3,1,3,3,실무 매뉴얼 보완이 필요합니다.,2,2,4,1,4,3,4,5,4,2;5;6,5,사전 안내를 좀 더 일찍 해주시면 좋겠습니다.,5,3;5,5,1,1,종사자 처우 개선이 시급합니다.,2,1;2;5,3,4,사전 안내를 좀 더 일찍 해주시면 좋겠습니다.,2,1;4;5,5,4,1,4,2,5,현장 방문 횟수가 늘어나면 좋겠습니다.,1;5,종사자 처우 개선이 시급합니다.,4,3,3,4,행정 절차 간소화가 필요합니다.
29,2026-04-27 09:47:00,밀양노인통합지원센터,2,1,1,밀양노인통합지원센터,4,3,1,5,1,1,4,3,4,담당자 응대가 친절하고 도움이 되었습니다.,6,4,3,4,4,현장 방문 횟수가 늘어나면 좋겠습니다.,1;5,2,3,1,2,4,2,2,1,3,4,종사자 처우 개선이 시급합니다.,4,1;2;4,2;3,3,2,사전 안내를 좀 더 일찍 해주시면 좋겠습니다.,1,1;4;5,2,1,사전 안내를 좀 더 일찍 해주시면 좋겠습니다.,1,1;5,2,1,4,4,2,5,교육 주제가 다양해졌으면 합니다.,2,종사자 처우 개선이 시급합니다.,3,2,3,3;5;6,교육 주제가 다양해졌으면 합니다.
30,2026-04-10 11:42:00,밀양노인통합지원센터,5,2,4,밀양노인통합지원센터,3,3,1,5,5,2,4,1;2;4,4,종사자 처우 개선이 시급합니다.,4;6,4,2,3,4,담당자 응대가 친절하고 도움이 되었습니다.,2;4;5,3,2,2,1,4,4,5,2,2;3,2,지속적인 지원을 부탁드립니다.,1,1;3,1;2;6,3,4,실무 매뉴얼 보완이 필요합니다.,1,2,5,2,온라인 교육 병행을 희망합니다.,2,1;3,2,2,1,4,2,5,교육 주제가 다양해졌으면 합니다.,2;3,행정 절차 간소화가 필요합니다.,4,4,3,3;5;6,지속적인 지원을 부탁드립니다.
31,2026-04-17 16:29:00,우리들노인통합지원센터,1,4,3,우리들노인통합지원센터,2,3,3,4,1,2,2,3,4,행정 절차 간소화가 필요합니다.,2,3,2,4,2,온라인 교육 병행을 희망합니다.,3;5;6,4,4,2,2,3,2,2,4,5,1,종사자 처우 개선이 시급합니다.,1,1,4,2,2,사전 안내를 좀 더 일찍 해주시면 좋겠습니다.,2,2,5,4,지속적인 지원을 부탁드립니다.,1,3;4;5,4,1,1,5,4,1,현장 의견 반영이 더 필요합니다.,1;3;5,종사자 처우 개선이 시급합니다.,4,2,1,5,담당자 응대가 친절하고 도움이 되었습니다.
32,2026-04-08 12:39:00,우리들노인통합지원센터,5,3,3,우리들노인통합지원센터,3,4,1,3,4,4,5,2,3,사전 안내를 좀 더 일찍 해주시면 좋겠습니다.,1;5;6,4,4,4,4,현장 의견 반영이 더 필요합니다.,1;2;6,4,4,3,3,1,1,2,2,3;4;5,1,사전 안내를 좀 더 일찍 해주시면 좋겠습니다.,3,1;4;5,1;2,2,4,사전 안내를 좀 더 일찍 해주시면 좋겠습니다.,3,5,2,4,종사자 처우 개선이 시급합니다.,3,1;2,5,3,1,1,4,2,사전 안내를 좀 더 일찍 해주시면 좋겠습니다.,4;5,지속적인 지원을 부탁드립니다.,1,3,2,2;3,종사자 처우 개선이 시급합니다.
33,2026-04-13 15:11:00,우리들노인통합지원센터,5,4,1,우리들노인통합지원센터,5,3,2,1,1,3,2,2;4,3,지속적인 지원을 부탁드립니다.,1,1,3,4,3,행정 절차 간소화가 필요합니다.,2,1,2,2,4,4,1,1,1,1;5,5,실무 매뉴얼 보완이 필요합니다.,3,1;3,1;4,2,2,현장 방문 횟수가 늘어나면 좋겠습니다.,2,3,3,3,온라인 교육 병행을 희망합니다.,2,2,4,3,4,3,4,1,지속적인 지원을 부탁드립니다.,2;4,실무 매뉴얼 보완이 필요합니다.,5,2,2,2,행정 절차 간소화가 필요합니다.
34,2026-04-01 15:21:00,우리들노인통합지원센터,5,4,3,우리들노인통합지원센터,4,3,4,5,2,3,3,2;4;5,2,현장 방문 횟수가 늘어나면 좋겠습니다.,3;4,2,3,4,3,현장 방문 횟수가 늘어나면 좋겠습니다.,1;5,2,5,3,2,1,4,2,4,1;6,4,온라인 교육 병행을 희망합니다.,2,2;3;4,2;4;6,4,1,온라인 교육 병행을 희망합니다.,4,3;4;5,1,3,종사자 처우 개선이 시급합니다.,1,2,3,2,5,1,4,3,현장 방문 횟수가 늘어나면 좋겠습니다.,1,사전 안내를 좀 더 일찍 해주시면 좋겠습니다.,3,2,3,2;5;6,온라인 교육 병행을 희망합니다.
35,2026-04-12 15:29:00,사랑원노인지원센터,5,2,3,사랑원노인지원센터,1,4,1,3,4,1,1,2;3;5,3,온라인 교육 병행을 희망합니다.,5,4,3,4,1,온라인 교육 병행을 희망합니다.,3;4;6,1,3,1,1,1,3,1,2,2;5;6,5,담당자 응대가 친절하고 도움이 되었습니다.,3,1;4;5,2;6,2,4,현장 방문 횟수가 늘어나면 좋겠습니다.,1,2;4;5,5,4,현장 방문 횟수가 늘어나면 좋겠습니다.,1,2;4;5,1,1,5,2,3,3,교육 주제가 다양해졌으면 합니다.,1;3,온라인 교육 병행을 희망합니다.,5,3,3,4;5,실무 매뉴얼 보완이 필요합니다.
36,2026-04-04 14:22:00,사랑원노인지원센터,4,2,3,사랑원노인지원센터,5,5,1,2,3,1,2,1;2,3,담당자 응대가 친절하고 도움이 되었습니다.,2;4;6,4,4,2,4,종사자 처우 개선이 시급합니다.,2;5;6,4,3,1,2,3,4,5,1,1;4,2,교육 주제가 다양해졌으면 합니다.,4,2;4;5,4;6;7,4,2,사전 안내를 좀 더 일찍 해주시면 좋겠습니다.,1,3,1,3,교육 주제가 다양해졌으면 합니다.,3,4,5,4,5,5,1,5,사전 안내를 좀 더 일찍 해주시면 좋겠습니다.,3;5,종사자 처우 개선이 시급합니다.,1,4,3,4,사전 안내를 좀 더 일찍 해주시면 좋겠습니다.
37,2026-04-24 12:19:00,사천노인통합지원센터,1,4,3,사천노인통합지원센터,3,1,4,1,2,2,5,1;3;4,2,교육 주제가 다양해졌으면 합니다.,1,3,3,2,3,행정 절차 간소화가 필요합니다.,3;5,5,1,1,4,1,3,2,2,2,3,교육 주제가 다양해졌으면 합니다.,4,2;3,4;6;7,1,1,현장 방문 횟수가 늘어나면 좋겠습니다.,3,2;3;4,3,1,사전 안내를 좀 더 일찍 해주시면 좋겠습니다.,4,1;3;5,4,2,4,2,4,3,지속적인 지원을 부탁드립니다.,2;3,실무 매뉴얼 보완이 필요합니다.,4,3,3,1,사전 안내를 좀 더 일찍 해주시면 좋겠습니다.
38,2026-04-21 16:01:00,남양양로원,1,2,4,남양양로원,4,1,4,2,2,3,2,1;3,3,사전 안내를 좀 더 일찍 해주시면 좋겠습니다.,2;6,1,4,3,2,현장 방문 횟수가 늘어나면 좋겠습니다.,1;5;6,2,4,1,2,2,4,1,1,1;3;4,2,온라인 교육 병행을 희망합니다.,1,4,6,1,1,지속적인 지원을 부탁드립니다.,3,2;4,2,2,사전 안내를 좀 더 일찍 해주시면 좋겠습니다.,1,2;4;5,2,2,4,5,4,2,사전 안내를 좀 더 일찍 해주시면 좋겠습니다.,2,사전 안내를 좀 더 일찍 해주시면 좋겠습니다.,5,4,2,2;3,교육 주제가 다양해졌으면 합니다.
39,2026-04-09 10:15:00,남양양로원,5,3,1,남양양로원,3,2,5,5,5,2,4,1;2,4,현장 방문 횟수가 늘어나면 좋겠습니다.,2,4,1,1,3,지속적인 지원을 부탁드립니다.,4,5,4,2,5,2,4,1,1,1;3;6,2,현장 의견 반영이 더 필요합니다.,1,3;5,4;5;6,4,4,사전 안내를 좀 더 일찍 해주시면 좋겠습니다.,2,1;3,1,2,담당자 응대가 친절하고 도움이 되었습니다.,3,1;5,3,4,2,1,2,1,현장 방문 횟수가 늘어나면 좋겠습니다.,4,실무 매뉴얼 보완이 필요합니다.,5,1,2,1;2;6,현장 의견 반영이 더 필요합니다.
40,2026-04-23 11:44:00,사천건양주야간보호센터,1,2,4,사천건양주야간보호센터,3,5,5,3,2,3,2,1;3;4,3,현장 방문 횟수가 늘어나면 좋겠습니다.,1;5,3,1,4,4,종사자 처우 개선이 시급합니다.,1;4,5,2,2,2,3,1,5,1,6,5,현장 의견 반영이 더 필요합니다.,1,2,4,3,4,담당자 응대가 친절하고 도움이 되었습니다.,2,5,4,2,지속적인 지원을 부탁드립니다.,2,3;5,1,3,1,5,1,2,교육 주제가 다양해졌으면 합니다.,1;4;5,온라인 교육 병행을 희망합니다.,3,3,2,5,온라인 교육 병행을 희망합니다.
41,2026-04-01 14:12:00,사천건양주야간보호센터,3,3,2,사천건양주야간보호센터,4,3,5,4,2,2,2,4,1,교육 주제가 다양해졌으면 합니다.,1;3;6,1,4,3,1,교육 주제가 다양해졌으면 합니다.,2;4;5,1,2,3,3,1,1,2,4,1;3;4,5,사전 안내를 좀 더 일찍 해주시면 좋겠습니다.,5,4,5,1,4,담당자 응대가 친절하고 도움이 되었습니다.,2,3;5,4,3,지속적인 지원을 부탁드립니다.,4,1;2,2,2,5,1,2,1,담당자 응대가 친절하고 도움이 되었습니다.,3;4,현장 방문 횟수가 늘어나면 좋겠습니다.,1,5,2,4,행정 절차 간소화가 필요합니다.
42,2026-04-15 13:54:00,사천건양주야간보호센터,1,1,2,사천건양주야간보호센터,3,5,1,2,3,2,1,2;3;5,1,행정 절차 간소화가 필요합니다.,1;2,4,4,2,1,온라인 교육 병행을 희망합니다.,2,1,1,1,2,2,2,4,3,1;3;6,1,현장 의견 반영이 더 필요합니다.,1,4,1,3,1,현장 의견 반영이 더 필요합니다.,4,2,5,4,현장 방문 횟수가 늘어나면 좋겠습니다.,4,4,4,2,3,2,2,3,행정 절차 간소화가 필요합니다.,1;2,실무 매뉴얼 보완이 필요합니다.,5,5,1,3;4;5,종사자 처우 개선이 시급합니다.
43,2026-04-16 09:05:00,산청한일노인통합지원센터,3,4,2,산청한일노인통합지원센터,4,2,5,2,5,1,4,3;4;5,4,지속적인 지원을 부탁드립니다.,3;4;5,3,2,1,3,실무 매뉴얼 보완이 필요합니다.,1,3,1,2,5,3,2,2,1,6,2,행정 절차 간소화가 필요합니다.,5,1;2;3,2;3,2,2,실무 매뉴얼 보완이 필요합니다.,3,1;3;5,3,2,실무 매뉴얼 보완이 필요합니다.,2,3;5,2,4,1,1,1,2,실무 매뉴얼 보완이 필요합니다.,1,종사자 처우 개선이 시급합니다.,4,1,2,2;3;6,담당자 응대가 친절하고 도움이 되었습니다.
44,2026-04-26 14:03:00,산청한일노인통합지원센터,1,2,2,산청한일노인통합지원센터,1,5,3,1,3,4,5,3,3,지속적인 지원을 부탁드립니다.,2,4,4,3,2,종사자 처우 개선이 시급합니다.,2;3;5,5,2,2,3,3,2,2,1,1;4;5,2,실무 매뉴얼 보완이 필요합니다.,3,1;2;5,3,1,2,지속적인 지원을 부탁드립니다.,3,1,3,4,현장 의견 반영이 더 필요합니다.,3,2,1,3,3,1,1,1,현장 방문 횟수가 늘어나면 좋겠습니다.,2;4,현장 방문 횟수가 늘어나면 좋겠습니다.,4,4,2,1;4;6,실무 매뉴얼 보완이 필요합니다.
45,2026-04-21 12:10:00,산청한일노인통합지원센터,4,1,1,산청한일노인통합지원센터,3,1,3,3,1,1,3,4,2,사전 안내를 좀 더 일찍 해주시면 좋겠습니다.,1;3;4,1,4,2,4,담당자 응대가 친절하고 도움이 되었습니다.,1,3,2,1,4,3,3,3,2,1,4,실무 매뉴얼 보완이 필요합니다.,5,1;2,1;4,1,3,실무 매뉴얼 보완이 필요합니다.,4,1,1,2,담당자 응대가 친절하고 도움이 되었습니다.,3,4,1,3,4,4,4,3,사전 안내를 좀 더 일찍 해주시면 좋겠습니다.,1;4;5,지속적인 지원을 부탁드립니다.,4,3,1,1;3,온라인 교육 병행을 희망합니다.
46,2026-04-15 13:14:00,산청복음노인통합지원센터,3,1,2,산청복음노인통합지원센터,1,1,3,5,4,2,5,4,4,종사자 처우 개선이 시급합니다.,2;4;5,4,3,1,4,현장 의견 반영이 더 필요합니다.,2;5;6,1,4,1,2,2,2,2,1,1;4,2,담당자 응대가 친절하고 도움이 되었습니다.,5,1;3,4,4,3,행정 절차 간소화가 필요합니다.,4,5,5,4,사전 안내를 좀 더 일찍 해주시면 좋겠습니다.,4,2,5,1,1,5,1,3,종사자 처우 개선이 시급합니다.,3;4,현장 방문 횟수가 늘어나면 좋겠습니다.,4,5,3,1;2,행정 절차 간소화가 필요합니다.
47,2026-04-13 11:39:00,산청복음노인통합지원센터,5,4,1,산청복음노인통합지원센터,4,3,2,1,4,3,3,3,3,행정 절차 간소화가 필요합니다.,1;4,2,2,3,4,지속적인 지원을 부탁드립니다.,4;6,5,1,1,4,2,4,4,3,5,2,사전 안내를 좀 더 일찍 해주시면 좋겠습니다.,3,1;4;5,1;2;5,2,2,현장 의견 반영이 더 필요합니다.,2,4,1,3,교육 주제가 다양해졌으면 합니다.,3,4;5,1,1,2,3,4,5,온라인 교육 병행을 희망합니다.,4,실무 매뉴얼 보완이 필요합니다.,5,3,2,3,사전 안내를 좀 더 일찍 해주시면 좋겠습니다.
48,2026-04-10 09:24:00,산청해민노인통합지원센터,1,2,2,산청해민노인통합지원센터,2,2,2,3,4,1,1,2;5,1,교육 주제가 다양해졌으면 합니다.,3;5,3,4,4,3,온라인 교육 병행을 희망합니다.,2;4,3,5,3,4,1,1,5,3,3;5;6,3,사전 안내를 좀 더 일찍 해주시면 좋겠습니다.,4,3,3;6,3,3,행정 절차 간소화가 필요합니다.,2,5,2,1,실무 매뉴얼 보완이 필요합니다.,4,2;3;5,1,4,3,3,4,4,현장 방문 횟수가 늘어나면 좋겠습니다.,1;2;4,교육 주제가 다양해졌으면 합니다.,5,4,3,3;5,담당자 응대가 친절하고 도움이 되었습니다.
49,2026-04-27 17:11:00,산청해민노인통합지원센터,3,1,4,산청해민노인통합지원센터,2,3,5,2,3,1,2,2;3,4,지속적인 지원을 부탁드립니다.,3;5,3,4,1,4,현장 의견 반영이 더 필요합니다.,1;5;6,4,2,3,1,4,3,4,1,2,2,지속적인 지원을 부탁드립니다.,4,2;4;5,1;2;4,3,2,지속적인 지원을 부탁드립니다.,1,4,3,2,담당자 응대가 친절하고 도움이 되었습니다.,2,1;2,5,4,4,4,4,4,현장 방문 횟수가 늘어나면 좋겠습니다.,1,종사자 처우 개선이 시급합니다.,2,3,1,2;5,현장 의견 반영이 더 필요합니다.
50,2026-04-22 09:40:00,산청성모노인통합지원센터,2,2,3,산청성모노인통합지원센터,3,2,1,4,5,3,2,1,3,행정 절차 간소화가 필요합니다.,5;6,3,4,2,3,온라인 교육 병행을 희망합니다.,2;6,4,1,1,2,2,2,1,2,3,1,현장 방문 횟수가 늘어나면 좋겠습니다.,3,1;3;5,6,1,1,현장 의견 반영이 더 필요합니다.,1,4;5,1,3,온라인 교육 병행을 희망합니다.,2,1,3,4,1,5,3,5,실무 매뉴얼 보완이 필요합니다.,1;2;4,종사자 처우 개선이 시급합니다.,5,1,2,1,온라인 교육 병행을 희망합니다.
51,2026-04-07 12:49:00,산청성모노인통합지원센터,3,2,3,산청성모노인통합지원센터,4,3,2,1,5,4,2,1;3;4,1,현장 의견 반영이 더 필요합니다.,1;4;6,2,1,1,1,행정 절차 간소화가 필요합니다.,2;3;4,3,4,1,1,2,1,3,3,1;3;4,1,현장 의견 반영이 더 필요합니다.,1,2,3;4,3,1,지속적인 지원을 부탁드립니다.,3,1,4,4,온라인 교육 병행을 희망합니다.,3,4;5,2,1,2,1,2,1,현장 방문 횟수가 늘어나면 좋겠습니다.,1;4;5,실무 매뉴얼 보완이 필요합니다.,4,3,3,6,담당자 응대가 친절하고 도움이 되었습니다.
52,2026-04-16 16:07:00,사회복지법인신생원양산재가노인복지센터,4,4,1,사회복지법인신생원양산재가노인복지센터,1,3,3,1,5,2,3,1;2;5,2,온라인 교육 병행을 희망합니다.,4;6,2,1,1,2,종사자 처우 개선이 시급합니다.,2;4,1,4,2,2,3,3,1,2,4;5;6,2,사전 안내를 좀 더 일찍 해주시면 좋겠습니다.,4,4;5,7,4,4,지속적인 지원을 부탁드립니다.,1,1;5,4,4,현장 의견 반영이 더 필요합니다.,1,5,5,3,5,5,2,4,지속적인 지원을 부탁드립니다.,1;2,온라인 교육 병행을 희망합니다.,3,5,3,3;4;6,사전 안내를 좀 더 일찍 해주시면 좋겠습니다.
53,2026-04-04 12:00:00,사회복지법인신생원양산재가노인복지센터,3,3,3,사회복지법인신생원양산재가노인복지센터,5,5,3,1,1,2,4,4,1,행정 절차 간소화가 필요합니다.,1;2;6,4,2,4,2,지속적인 지원을 부탁드립니다.,4,1,5,1,4,4,2,4,1,1;4;6,5,온라인 교육 병행을 희망합니다.,5,5,6,2,1,현장 방문 횟수가 늘어나면 좋겠습니다.,3,3;4;5,2,3,현장 방문 횟수가 늘어나면 좋겠습니다.,3,2;4,2,4,5,5,3,5,지속적인 지원을 부탁드립니다.,1;2;5,교육 주제가 다양해졌으면 합니다.,5,3,3,2;6,담당자 응대가 친절하고 도움이 되었습니다.
54,2026-04-17 17:44:00,사회복지법인신생원양산재가노인복지센터,3,1,3,사회복지법인신생원양산재가노인복지센터,5,4,5,5,4,3,4,5,1,현장 의견 반영이 더 필요합니다.,1;2,1,2,3,2,행정 절차 간소화가 필요합니다.,1;2;3,3,2,3,1,3,4,1,2,4;5;6,2,종사자 처우 개선이 시급합니다.,3,1;2;4,6;7,3,1,현장 의견 반영이 더 필요합니다.,3,5,4,2,지속적인 지원을 부탁드립니다.,2,2;3;5,2,1,2,2,1,4,현장 의견 반영이 더 필요합니다.,3;5,담당자 응대가 친절하고 도움이 되었습니다.,2,5,2,3,온라인 교육 병행을 희망합니다.
55,2026-04-23 11:02:00,양산행복한돌봄 사회적협동조합,2,3,1,양산행복한돌봄 사회적협동조합,5,3,4,5,5,3,1,1;2;3,1,종사자 처우 개선이 시급합니다.,4,4,1,3,2,교육 주제가 다양해졌으면 합니다.,3;5;6,3,2,3,5,4,1,1,3,2;5,5,교육 주제가 다양해졌으면 합니다.,1,1;3;4,3;5,3,1,종사자 처우 개선이 시급합니다.,3,2;4;5,1,3,교육 주제가 다양해졌으면 합니다.,3,1;4;5,5,1,1,2,2,4,사전 안내를 좀 더 일찍 해주시면 좋겠습니다.,5,현장 방문 횟수가 늘어나면 좋겠습니다.,1,2,1,3;6,현장 의견 반영이 더 필요합니다.
56,2026-04-03 10:03:00,성요셉소규모노인종합센터,2,3,1,성요셉소규모노인종합센터,5,2,3,4,4,4,4,1;3,4,사전 안내를 좀 더 일찍 해주시면 좋겠습니다.,1;5;6,1,1,3,1,행정 절차 간소화가 필요합니다.,1;3;5,3,4,2,4,1,4,2,2,6,4,종사자 처우 개선이 시급합니다.,3,2;3;4,1;3;6,2,1,현장 의견 반영이 더 필요합니다.,1,3;4;5,5,1,행정 절차 간소화가 필요합니다.,2,2;3;4,5,2,2,2,2,5,행정 절차 간소화가 필요합니다.,1,담당자 응대가 친절하고 도움이 되었습니다.,5,1,3,5;6,사전 안내를 좀 더 일찍 해주시면 좋겠습니다.
57,2026-04-10 10:16:00,의령노인통합지원센터,1,2,4,의령노인통합지원센터,3,3,2,2,1,3,5,2,3,온라인 교육 병행을 희망합니다.,3;5,3,2,3,3,현장 방문 횟수가 늘어나면 좋겠습니다.,1,3,2,1,4,3,3,2,3,4;6,3,행정 절차 간소화가 필요합니다.,4,1;2;3,1;2;3,2,3,사전 안내를 좀 더 일찍 해주시면 좋겠습니다.,1,5,1,4,실무 매뉴얼 보완이 필요합니다.,2,5,3,4,2,3,4,2,실무 매뉴얼 보완이 필요합니다.,2;3;4,종사자 처우 개선이 시급합니다.,5,1,2,1;5,교육 주제가 다양해졌으면 합니다.
58,2026-04-28 11:48:00,의령노인통합지원센터,5,2,4,의령노인통합지원센터,2,2,5,5,2,4,3,2,4,교육 주제가 다양해졌으면 합니다.,3,3,2,1,2,종사자 처우 개선이 시급합니다.,4;6,4,1,1,3,1,3,3,2,4;6,3,실무 매뉴얼 보완이 필요합니다.,1,1;3;4,3;4;6,4,4,실무 매뉴얼 보완이 필요합니다.,1,1;2;4,2,1,종사자 처우 개선이 시급합니다.,3,2,2,2,3,5,1,2,현장 방문 횟수가 늘어나면 좋겠습니다.,1;4,온라인 교육 병행을 희망합니다.,4,2,3,6,현장 방문 횟수가 늘어나면 좋겠습니다.
59,2026-04-01 12:02:00,의령노인통합지원센터,2,2,2,의령노인통합지원센터,5,1,5,2,1,2,3,5,4,실무 매뉴얼 보완이 필요합니다.,1;3;6,1,2,4,4,온라인 교육 병행을 희망합니다.,2,4,5,1,5,2,3,2,3,5;6,1,교육 주제가 다양해졌으면 합니다.,4,1;2,2,4,2,실무 매뉴얼 보완이 필요합니다.,1,4,5,1,종사자 처우 개선이 시급합니다.,1,4,2,1,4,5,4,3,현장 의견 반영이 더 필요합니다.,1;4;5,온라인 교육 병행을 희망합니다.,4,3,3,1;5;6,현장 방문 횟수가 늘어나면 좋겠습니다.
60,2026-04-05 13:30:00,진양노인통합지원센터,2,1,3,진양노인통합지원센터,5,5,4,3,2,1,1,1;3;5,1,현장 방문 횟수가 늘어나면 좋겠습니다.,2;3;4,3,1,2,4,실무 매뉴얼 보완이 필요합니다.,3;5,4,5,2,5,3,4,2,4,2;4;5,3,종사자 처우 개선이 시급합니다.,5,3;5,3;4;6,2,1,교육 주제가 다양해졌으면 합니다.,4,1;2;4,5,4,지속적인 지원을 부탁드립니다.,1,4,1,1,2,4,4,1,사전 안내를 좀 더 일찍 해주시면 좋겠습니다.,2;3,사전 안내를 좀 더 일찍 해주시면 좋겠습니다.,5,1,3,4;5,종사자 처우 개선이 시급합니다.
61,2026-04-10 09:49:00,진주노인통합지원센터,2,4,4,진주노인통합지원센터,1,2,5,3,2,1,5,2;3;5,2,현장 의견 반영이 더 필요합니다.,1;2,2,1,3,4,지속적인 지원을 부탁드립니다.,2;4;6,5,1,3,1,1,3,5,3,2;3,5,교육 주제가 다양해졌으면 합니다.,4,1;5,2;4,1,1,종사자 처우 개선이 시급합니다.,3,1;3,5,3,온라인 교육 병행을 희망합니다.,4,2;4;5,4,4,5,1,4,1,행정 절차 간소화가 필요합니다.,4,교육 주제가 다양해졌으면 합니다.,2,3,2,5;6,현장 의견 반영이 더 필요합니다.
62,2026-04-23 13:15:00,진주노인통합지원센터,3,1,4,진주노인통합지원센터,3,1,5,2,4,3,3,5,3,담당자 응대가 친절하고 도움이 되었습니다.,2;4;6,2,2,2,3,교육 주제가 다양해졌으면 합니다.,2,2,5,2,2,1,1,1,4,1;5;6,4,지속적인 지원을 부탁드립니다.,5,3;4,2;5,3,4,교육 주제가 다양해졌으면 합니다.,2,5,4,4,종사자 처우 개선이 시급합니다.,1,3;4;5,2,4,1,5,4,3,현장 의견 반영이 더 필요합니다.,2,현장 방문 횟수가 늘어나면 좋겠습니다.,5,1,2,3;5,담당자 응대가 친절하고 도움이 되었습니다.
63,2026-04-18 13:15:00,진주노인통합지원센터,3,4,3,진주노인통합지원센터,3,2,4,4,2,4,3,3;4,4,담당자 응대가 친절하고 도움이 되었습니다.,2;5;6,1,3,2,4,현장 방문 횟수가 늘어나면 좋겠습니다.,2,2,4,1,2,4,4,2,3,3;6,5,실무 매뉴얼 보완이 필요합니다.,1,1;2,2,3,4,사전 안내를 좀 더 일찍 해주시면 좋겠습니다.,4,2;3;5,3,3,지속적인 지원을 부탁드립니다.,1,1;3,5,2,5,5,2,3,지속적인 지원을 부탁드립니다.,4;5,온라인 교육 병행을 희망합니다.,1,4,3,2;4,담당자 응대가 친절하고 도움이 되었습니다.
64,2026-04-21 14:26:00,나누리노인통합지원센터,5,4,1,나누리노인통합지원센터,1,2,3,2,3,3,3,2;3;4,4,지속적인 지원을 부탁드립니다.,4;5;6,4,2,2,1,담당자 응대가 친절하고 도움이 되었습니다.,1;2;3,2,2,2,1,1,1,4,1,4,5,사전 안내를 좀 더 일찍 해주시면 좋겠습니다.,1,2;5,6,4,3,교육 주제가 다양해졌으면 합니다.,2,3;4;5,2,2,종사자 처우 개선이 시급합니다.,2,1,3,3,4,4,3,5,온라인 교육 병행을 희망합니다.,5,담당자 응대가 친절하고 도움이 되었습니다.,5,5,2,4;5;6,종사자 처우 개선이 시급합니다.
65,2026-04-21 17:19:00,나누리노인통합지원센터,3,4,2,나누리노인통합지원센터,1,4,3,3,4,3,2,1;5,2,지속적인 지원을 부탁드립니다.,4;5,1,4,4,3,현장 의견 반영이 더 필요합니다.,3;5,2,1,3,3,2,4,5,4,2;6,4,현장 방문 횟수가 늘어나면 좋겠습니다.,2,1;4,2;5;6,3,3,종사자 처우 개선이 시급합니다.,3,1;2,2,2,행정 절차 간소화가 필요합니다.,1,2;4;5,5,4,2,3,1,2,현장 의견 반영이 더 필요합니다.,1;2;5,행정 절차 간소화가 필요합니다.,3,2,3,1;6,교육 주제가 다양해졌으면 합니다.
66,2026-04-03 11:00:00,나누리노인통합지원센터,4,2,3,나누리노인통합지원센터,4,3,4,3,4,1,3,2,1,행정 절차 간소화가 필요합니다.,1;5,4,2,2,3,현장 방문 횟수가 늘어나면 좋겠습니다.,1,2,4,2,2,1,2,4,1,2;4;6,4,행정 절차 간소화가 필요합니다.,3,1,1;5;7,3,4,행정 절차 간소화가 필요합니다.,2,1;2,1,2,현장 방문 횟수가 늘어나면 좋겠습니다.,3,2,3,1,4,2,1,1,실무 매뉴얼 보완이 필요합니다.,2;4;5,사전 안내를 좀 더 일찍 해주시면 좋겠습니다.,2,2,2,6,실무 매뉴얼 보완이 필요합니다.
67,2026-04-11 09:03:00,공덕의집노인통합지원센터,3,2,1,공덕의집노인통합지원센터,2,4,2,3,5,3,4,1;2;3,4,지속적인 지원을 부탁드립니다.,1;2;3,4,4,3,4,교육 주제가 다양해졌으면 합니다.,2;3;5,3,4,2,5,2,1,5,2,3;6,5,지속적인 지원을 부탁드립니다.,4,5,2;6,1,3,실무 매뉴얼 보완이 필요합니다.,2,1;4,2,4,종사자 처우 개선이 시급합니다.,2,2;3;5,3,1,1,5,1,1,담당자 응대가 친절하고 도움이 되었습니다.,1,교육 주제가 다양해졌으면 합니다.,1,4,1,1,실무 매뉴얼 보완이 필요합니다.
68,2026-04-21 15:42:00,공덕의집노인통합지원센터,4,3,1,공덕의집노인통합지원센터,3,2,5,1,1,2,4,4,1,지속적인 지원을 부탁드립니다.,3;4;6,1,3,1,1,행정 절차 간소화가 필요합니다.,2,5,1,1,2,4,2,2,2,2;4;6,1,실무 매뉴얼 보완이 필요합니다.,3,1;4;5,7,2,4,종사자 처우 개선이 시급합니다.,3,2;4;5,3,3,지속적인 지원을 부탁드립니다.,4,3;4;5,2,2,4,5,3,3,온라인 교육 병행을 희망합니다.,1;4,현장 의견 반영이 더 필요합니다.,3,5,1,1;2;3,행정 절차 간소화가 필요합니다.
69,2026-04-08 12:54:00,하늘마음노인통합지원센터,3,1,3,하늘마음노인통합지원센터,5,5,5,5,5,2,1,4,3,담당자 응대가 친절하고 도움이 되었습니다.,3,3,2,2,3,행정 절차 간소화가 필요합니다.,5,4,5,1,1,3,4,2,4,1;5;6,5,행정 절차 간소화가 필요합니다.,1,1;4;5,7,3,3,현장 방문 횟수가 늘어나면 좋겠습니다.,4,2,5,1,현장 방문 횟수가 늘어나면 좋겠습니다.,1,1;5,3,2,3,5,2,2,현장 의견 반영이 더 필요합니다.,3;4;5,실무 매뉴얼 보완이 필요합니다.,5,1,1,3;4,담당자 응대가 친절하고 도움이 되었습니다.
70,2026-04-05 14:05:00,창녕지역자활센터,4,1,4,창녕지역자활센터,3,1,4,5,4,2,2,2;5,4,현장 방문 횟수가 늘어나면 좋겠습니다.,2;5;6,2,1,3,4,지속적인 지원을 부탁드립니다.,1;5;6,4,4,2,3,2,3,3,1,2;3,5,온라인 교육 병행을 희망합니다.,5,4,7,2,2,지속적인 지원을 부탁드립니다.,2,1;3;5,1,2,실무 매뉴얼 보완이 필요합니다.,2,1;3,1,3,4,4,1,3,교육 주제가 다양해졌으면 합니다.,1;2;5,종사자 처우 개선이 시급합니다.,5,3,3,2;5,현장 의견 반영이 더 필요합니다.
71,2026-04-13 17:02:00,창녕지역자활센터,3,2,1,창녕지역자활센터,3,2,5,3,1,4,1,4,3,지속적인 지원을 부탁드립니다.,1,3,4,2,4,종사자 처우 개선이 시급합니다.,1;3;4,5,5,1,2,2,4,5,1,2,5,행정 절차 간소화가 필요합니다.,3,2;4,3,3,3,행정 절차 간소화가 필요합니다.,2,1;3;5,3,4,현장 의견 반영이 더 필요합니다.,3,2,3,4,2,1,4,5,실무 매뉴얼 보완이 필요합니다.,1;2;4,실무 매뉴얼 보완이 필요합니다.,2,4,2,2;3;4,교육 주제가 다양해졌으면 합니다.
72,2026-04-21 11:37:00,창녕지역자활센터,5,2,2,창녕지역자활센터,3,5,2,4,2,2,3,5,1,담당자 응대가 친절하고 도움이 되었습니다.,1;2,3,4,4,3,온라인 교육 병행을 희망합니다.,2;3;6,2,1,1,2,1,3,5,2,1;2;6,3,사전 안내를 좀 더 일찍 해주시면 좋겠습니다.,4,5,3;4;6,2,4,온라인 교육 병행을 희망합니다.,4,2,2,2,현장 의견 반영이 더 필요합니다.,4,3,4,2,2,2,1,2,온라인 교육 병행을 희망합니다.,2;3;4,교육 주제가 다양해졌으면 합니다.,4,4,1,3;4;6,현장 방문 횟수가 늘어나면 좋겠습니다.
73,2026-04-20 17:33:00,창녕지역자활센터,1,1,4,창녕지역자활센터,4,1,2,5,5,4,1,1;4;5,3,온라인 교육 병행을 희망합니다.,3;6,4,2,4,3,실무 매뉴얼 보완이 필요합니다.,6,5,2,2,4,1,1,2,2,3;4,4,현장 의견 반영이 더 필요합니다.,2,2;5,1;3,3,2,사전 안내를 좀 더 일찍 해주시면 좋겠습니다.,1,4,3,1,종사자 처우 개선이 시급합니다.,4,2;4;5,5,4,1,2,3,5,담당자 응대가 친절하고 도움이 되었습니다.,2,담당자 응대가 친절하고 도움이 되었습니다.,1,4,2,4;6,행정 절차 간소화가 필요합니다.
74,2026-04-21 11:07:00,창녕군새누리노인종합센터,2,2,1,창녕군새누리노인종합센터,5,3,1,4,4,4,5,5,4,교육 주제가 다양해졌으면 합니다.,5,4,4,4,4,사전 안내를 좀 더 일찍 해주시면 좋겠습니다.,1;2;5,5,3,3,5,2,1,2,2,6,3,현장 의견 반영이 더 필요합니다.,2,5,1;3;7,1,1,현장 방문 횟수가 늘어나면 좋겠습니다.,2,3,5,2,온라인 교육 병행을 희망합니다.,3,1,3,3,3,4,1,4,종사자 처우 개선이 시급합니다.,3,온라인 교육 병행을 희망합니다.,2,1,3,3;5,현장 방문 횟수가 늘어나면 좋겠습니다.
75,2026-04-17 12:44:00,동진노인통합지원센터,2,1,1,동진노인통합지원센터,5,5,1,4,5,3,4,3;4;5,3,담당자 응대가 친절하고 도움이 되었습니다.,4;5;6,4,2,2,3,교육 주제가 다양해졌으면 합니다.,1,1,4,3,1,2,4,4,1,3;5,2,현장 의견 반영이 더 필요합니다.,2,1;3;5,3;5,3,1,사전 안내를 좀 더 일찍 해주시면 좋겠습니다.,3,1;4,2,2,지속적인 지원을 부탁드립니다.,3,1;4;5,2,4,2,4,3,4,현장 방문 횟수가 늘어나면 좋겠습니다.,1;3;4,지속적인 지원을 부탁드립니다.,5,5,1,5,지속적인 지원을 부탁드립니다.
76,2026-04-26 14:04:00,동진노인통합지원센터,2,3,1,동진노인통합지원센터,3,4,5,2,5,4,2,1;3;4,3,현장 의견 반영이 더 필요합니다.,1;4,4,2,3,4,행정 절차 간소화가 필요합니다.,5,3,2,1,3,1,2,1,4,1;2;4,2,지속적인 지원을 부탁드립니다.,4,2;3;5,7,1,2,교육 주제가 다양해졌으면 합니다.,1,1;4,1,3,현장 의견 반영이 더 필요합니다.,1,1;4,1,3,1,5,3,2,지속적인 지원을 부탁드립니다.,2,행정 절차 간소화가 필요합니다.,3,5,2,1;6,행정 절차 간소화가 필요합니다.
77,2026-04-05 11:17:00,동진노인통합지원센터,1,1,1,동진노인통합지원센터,2,5,3,5,3,3,2,1;2;3,1,행정 절차 간소화가 필요합니다.,3;4;5,1,2,1,4,현장 의견 반영이 더 필요합니다.,4,1,1,2,4,2,4,5,3,2;3,5,사전 안내를 좀 더 일찍 해주시면 좋겠습니다.,4,1;2;3,1;4,3,4,온라인 교육 병행을 희망합니다.,2,2,5,3,지속적인 지원을 부탁드립니다.,4,3,3,4,4,1,1,4,사전 안내를 좀 더 일찍 해주시면 좋겠습니다.,4;5,담당자 응대가 친절하고 도움이 되었습니다.,3,3,3,1;2;5,현장 방문 횟수가 늘어나면 좋겠습니다.
78,2026-04-27 10:20:00,창원도우누리노인통합재가센터,5,1,3,창원도우누리노인통합재가센터,5,4,4,5,4,2,5,5,2,온라인 교육 병행을 희망합니다.,1;3,2,4,4,3,종사자 처우 개선이 시급합니다.,1;2;6,5,4,1,5,4,3,5,1,2;3,4,사전 안내를 좀 더 일찍 해주시면 좋겠습니다.,5,5,3;4,1,1,교육 주제가 다양해졌으면 합니다.,2,1;2;3,2,4,종사자 처우 개선이 시급합니다.,3,4;5,2,2,3,3,3,4,지속적인 지원을 부탁드립니다.,5,현장 의견 반영이 더 필요합니다.,5,5,2,3,현장 의견 반영이 더 필요합니다.
79,2026-04-12 17:03:00,명진노인통합지원센터,1,3,1,명진노인통합지원센터,3,1,2,4,5,4,3,2;4;5,4,종사자 처우 개선이 시급합니다.,6,2,4,2,2,종사자 처우 개선이 시급합니다.,3;4,2,3,3,2,2,1,1,1,6,4,현장 방문 횟수가 늘어나면 좋겠습니다.,2,2,4;6;7,4,2,온라인 교육 병행을 희망합니다.,4,2;4;5,2,2,현장 방문 횟수가 늘어나면 좋겠습니다.,1,2;3;4,5,3,4,5,3,1,현장 의견 반영이 더 필요합니다.,1;3;4,실무 매뉴얼 보완이 필요합니다.,4,1,1,3;5;6,온라인 교육 병행을 희망합니다.
80,2026-04-17 10:33:00,명진노인통합지원센터,5,1,2,명진노인통합지원센터,4,1,5,5,3,1,3,1;2;4,4,실무 매뉴얼 보완이 필요합니다.,3;4;6,3,3,2,1,실무 매뉴얼 보완이 필요합니다.,3;5;6,1,4,3,2,1,3,5,1,1;4,2,종사자 처우 개선이 시급합니다.,1,2;3,3;6;7,1,1,실무 매뉴얼 보완이 필요합니다.,2,2;4;5,2,3,교육 주제가 다양해졌으면 합니다.,4,5,1,3,1,2,2,4,현장 방문 횟수가 늘어나면 좋겠습니다.,2;4,담당자 응대가 친절하고 도움이 되었습니다.,2,5,3,1;3,사전 안내를 좀 더 일찍 해주시면 좋겠습니다.
81,2026-04-02 11:29:00,플러스희망 사회적협동조합,4,4,3,플러스희망 사회적협동조합,4,5,2,4,4,4,3,5,4,현장 의견 반영이 더 필요합니다.,4;6,3,1,1,3,현장 방문 횟수가 늘어나면 좋겠습니다.,3;5;6,3,3,1,3,4,4,2,2,2;3;6,5,현장 의견 반영이 더 필요합니다.,1,1,1;5,1,4,지속적인 지원을 부탁드립니다.,2,1;3;5,1,1,실무 매뉴얼 보완이 필요합니다.,1,5,2,1,1,1,2,4,실무 매뉴얼 보완이 필요합니다.,1,담당자 응대가 친절하고 도움이 되었습니다.,3,3,2,1;3;4,현장 방문 횟수가 늘어나면 좋겠습니다.
82,2026-04-23 14:16:00,플러스희망 사회적협동조합,2,1,3,플러스희망 사회적협동조합,1,4,4,3,1,3,3,4,1,온라인 교육 병행을 희망합니다.,5,4,2,4,1,담당자 응대가 친절하고 도움이 되었습니다.,1;2;4,4,3,1,1,1,1,5,3,1;4,2,현장 의견 반영이 더 필요합니다.,1,1;3;4,3;4;5,1,4,온라인 교육 병행을 희망합니다.,4,1;2,1,4,온라인 교육 병행을 희망합니다.,1,2;3;5,3,4,1,1,3,5,지속적인 지원을 부탁드립니다.,4,행정 절차 간소화가 필요합니다.,2,2,3,4,교육 주제가 다양해졌으면 합니다.
83,2026-04-10 15:57:00,플러스희망 사회적협동조합,1,3,4,플러스희망 사회적협동조합,1,4,2,2,1,2,1,2;4;5,4,사전 안내를 좀 더 일찍 해주시면 좋겠습니다.,3;4;6,4,1,1,3,현장 의견 반영이 더 필요합니다.,1;6,4,1,1,5,4,2,5,2,1,2,온라인 교육 병행을 희망합니다.,1,1;5,6,2,1,담당자 응대가 친절하고 도움이 되었습니다.,1,1;4,5,2,실무 매뉴얼 보완이 필요합니다.,1,1,4,2,1,2,4,3,현장 방문 횟수가 늘어나면 좋겠습니다.,1;2,지속적인 지원을 부탁드립니다.,2,1,3,3,사전 안내를 좀 더 일찍 해주시면 좋겠습니다.
84,2026-04-04 13:09:00,경남노인통합지원센터,4,2,3,경남노인통합지원센터,5,2,4,2,5,1,2,5,4,담당자 응대가 친절하고 도움이 되었습니다.,4,1,1,1,2,사전 안내를 좀 더 일찍 해주시면 좋겠습니다.,3;5;6,4,4,3,2,2,2,3,4,2;6,5,현장 의견 반영이 더 필요합니다.,5,4,1;3;6,3,4,현장 의견 반영이 더 필요합니다.,2,1,5,1,실무 매뉴얼 보완이 필요합니다.,3,2;4;5,2,3,1,2,1,2,온라인 교육 병행을 희망합니다.,2;5,현장 의견 반영이 더 필요합니다.,1,3,2,4,행정 절차 간소화가 필요합니다.
85,2026-04-11 16:02:00,경남노인통합지원센터,1,1,2,경남노인통합지원센터,2,1,4,5,1,1,2,2;3;4,2,지속적인 지원을 부탁드립니다.,1,3,2,1,2,현장 방문 횟수가 늘어나면 좋겠습니다.,4,2,1,2,5,4,1,4,2,5,4,담당자 응대가 친절하고 도움이 되었습니다.,4,2;4,2;3;6,3,2,지속적인 지원을 부탁드립니다.,2,5,1,3,담당자 응대가 친절하고 도움이 되었습니다.,1,4;5,2,3,2,3,2,5,담당자 응대가 친절하고 도움이 되었습니다.,1;2;5,현장 방문 횟수가 늘어나면 좋겠습니다.,5,4,1,3;4;6,현장 의견 반영이 더 필요합니다.
86,2026-04-24 15:47:00,정현사회적협동조합,2,2,3,정현사회적협동조합,4,5,2,5,2,1,4,1,4,종사자 처우 개선이 시급합니다.,4,4,4,1,4,온라인 교육 병행을 희망합니다.,1,5,1,3,4,2,2,3,3,6,1,현장 의견 반영이 더 필요합니다.,4,2;3;5,5;7,1,4,온라인 교육 병행을 희망합니다.,2,2;4;5,4,1,사전 안내를 좀 더 일찍 해주시면 좋겠습니다.,4,1;2;3,4,3,5,5,2,1,실무 매뉴얼 보완이 필요합니다.,1;3,현장 의견 반영이 더 필요합니다.,1,4,2,1;5,지속적인 지원을 부탁드립니다.
87,2026-04-12 11:41:00,진해서부노인종합복지관,5,1,2,진해서부노인종합복지관,2,3,2,5,1,4,5,2;4;5,3,행정 절차 간소화가 필요합니다.,3;4;6,1,1,3,3,온라인 교육 병행을 희망합니다.,5;6,1,4,3,5,3,4,5,3,1;2;6,4,사전 안내를 좀 더 일찍 해주시면 좋겠습니다.,1,2;3,1,2,3,사전 안내를 좀 더 일찍 해주시면 좋겠습니다.,2,2;5,5,1,행정 절차 간소화가 필요합니다.,4,2;4;5,3,4,4,1,3,2,사전 안내를 좀 더 일찍 해주시면 좋겠습니다.,2,종사자 처우 개선이 시급합니다.,3,4,3,3;6,온라인 교육 병행을 희망합니다.
88,2026-04-19 17:53:00,진해노인종합복지관,5,4,4,진해노인종합복지관,3,5,2,3,2,3,2,3;5,1,담당자 응대가 친절하고 도움이 되었습니다.,3;4,2,2,3,2,담당자 응대가 친절하고 도움이 되었습니다.,2;5;6,2,1,1,3,2,4,3,3,2,5,현장 의견 반영이 더 필요합니다.,3,2;3,2;5,3,1,현장 의견 반영이 더 필요합니다.,4,2;4,3,2,현장 의견 반영이 더 필요합니다.,3,2;3;4,5,2,5,4,3,1,온라인 교육 병행을 희망합니다.,2,종사자 처우 개선이 시급합니다.,1,3,1,2;5,온라인 교육 병행을 희망합니다.
89,2026-04-12 10:20:00,진해노인종합복지관,1,2,2,진해노인종합복지관,3,2,1,1,5,4,1,2;4;5,3,실무 매뉴얼 보완이 필요합니다.,1;3;5,4,2,4,3,현장 방문 횟수가 늘어나면 좋겠습니다.,1;3,3,3,2,4,1,2,4,4,2;3,4,현장 방문 횟수가 늘어나면 좋겠습니다.,2,1;4;5,3,4,3,사전 안내를 좀 더 일찍 해주시면 좋겠습니다.,4,1,4,3,현장 방문 횟수가 늘어나면 좋겠습니다.,2,1;2;4,2,4,3,5,4,1,행정 절차 간소화가 필요합니다.,3;4;5,온라인 교육 병행을 희망합니다.,2,1,1,3,행정 절차 간소화가 필요합니다.
90,2026-04-21 16:07:00,경남고용복지센터,3,4,2,경남고용복지센터,4,2,1,1,3,4,1,3;4;5,4,행정 절차 간소화가 필요합니다.,1;4;6,3,1,3,2,실무 매뉴얼 보완이 필요합니다.,2,3,4,3,2,3,2,1,3,3;4,1,행정 절차 간소화가 필요합니다.,3,1;2;3,7,1,2,종사자 처우 개선이 시급합니다.,3,3;5,3,1,종사자 처우 개선이 시급합니다.,3,1,2,3,3,4,4,3,담당자 응대가 친절하고 도움이 되었습니다.,2,담당자 응대가 친절하고 도움이 되었습니다.,5,2,1,1;5;6,현장 방문 횟수가 늘어나면 좋겠습니다.
91,2026-04-15 10:07:00,경남고용복지센터,2,1,4,경남고용복지센터,3,3,3,2,4,3,2,1;3;5,1,교육 주제가 다양해졌으면 합니다.,6,2,2,3,2,교육 주제가 다양해졌으면 합니다.,1,4,1,1,1,4,4,1,2,1,5,실무 매뉴얼 보완이 필요합니다.,1,1;3,1,3,1,사전 안내를 좀 더 일찍 해주시면 좋겠습니다.,1,1;2;5,3,1,사전 안내를 좀 더 일찍 해주시면 좋겠습니다.,2,2;3;5,2,2,5,5,1,1,실무 매뉴얼 보완이 필요합니다.,5,교육 주제가 다양해졌으면 합니다.,2,3,1,1;2;6,종사자 처우 개선이 시급합니다.
92,2026-04-28 16:23:00,마산회원노인종합복지관,5,2,4,마산회원노인종합복지관,1,2,3,4,4,2,5,4,1,지속적인 지원을 부탁드립니다.,4,1,2,4,3,행정 절차 간소화가 필요합니다.,1;5;6,3,4,1,4,3,4,5,3,2;4;6,3,현장 방문 횟수가 늘어나면 좋겠습니다.,2,4,1;2;3,4,1,현장 방문 횟수가 늘어나면 좋겠습니다.,4,1;4;5,4,4,실무 매뉴얼 보완이 필요합니다.,1,1;2;5,2,3,2,5,4,1,교육 주제가 다양해졌으면 합니다.,3;4,실무 매뉴얼 보완이 필요합니다.,5,3,3,3;4,실무 매뉴얼 보완이 필요합니다.
93,2026-04-13 16:32:00,통영시종합사회복지관,3,2,4,통영시종합사회복지관,1,1,3,4,4,2,2,1,1,사전 안내를 좀 더 일찍 해주시면 좋겠습니다.,1;6,2,4,3,2,행정 절차 간소화가 필요합니다.,1;5;6,5,4,2,2,3,4,4,3,1;3;5,1,현장 방문 횟수가 늘어나면 좋겠습니다.,1,3;4,4;7,1,1,담당자 응대가 친절하고 도움이 되었습니다.,3,2;4;5,2,3,현장 방문 횟수가 늘어나면 좋겠습니다.,4,5,4,4,4,5,2,5,현장 의견 반영이 더 필요합니다.,3;4,실무 매뉴얼 보완이 필요합니다.,4,5,3,3;6,현장 의견 반영이 더 필요합니다.
94,2026-04-01 09:08:00,통영시종합사회복지관,3,3,1,통영시종합사회복지관,3,4,1,4,3,3,4,1;2,2,교육 주제가 다양해졌으면 합니다.,1;3;5,1,3,1,3,담당자 응대가 친절하고 도움이 되었습니다.,5,3,1,2,4,4,3,1,4,1;3;4,5,현장 방문 횟수가 늘어나면 좋겠습니다.,3,1;4;5,2;3;6,4,3,담당자 응대가 친절하고 도움이 되었습니다.,3,2;4,4,1,종사자 처우 개선이 시급합니다.,2,1;3,3,4,2,5,1,5,사전 안내를 좀 더 일찍 해주시면 좋겠습니다.,1;3;5,실무 매뉴얼 보완이 필요합니다.,5,4,2,3,사전 안내를 좀 더 일찍 해주시면 좋겠습니다.
95,2026-04-21 13:32:00,통영노인통합지원센터,3,4,3,통영노인통합지원센터,2,4,4,3,5,4,5,1,2,실무 매뉴얼 보완이 필요합니다.,2;4,3,4,1,2,지속적인 지원을 부탁드립니다.,2;6,2,3,2,4,3,1,2,4,2;3,3,실무 매뉴얼 보완이 필요합니다.,2,1;2,2,1,2,행정 절차 간소화가 필요합니다.,4,4;5,4,1,교육 주제가 다양해졌으면 합니다.,2,1;2,3,3,5,2,1,4,현장 의견 반영이 더 필요합니다.,1,지속적인 지원을 부탁드립니다.,5,3,1,1;3,현장 방문 횟수가 늘어나면 좋겠습니다.
96,2026-04-27 11:15:00,하동노인통합지원센터,1,1,3,하동노인통합지원센터,4,1,2,5,1,3,3,2;4;5,2,담당자 응대가 친절하고 도움이 되었습니다.,2,2,3,4,4,행정 절차 간소화가 필요합니다.,1;3;4,1,3,3,4,4,2,3,2,3;4,3,현장 의견 반영이 더 필요합니다.,5,1,2;6;7,3,4,행정 절차 간소화가 필요합니다.,3,1;2;4,4,1,현장 방문 횟수가 늘어나면 좋겠습니다.,3,1;2,3,2,2,4,3,4,현장 의견 반영이 더 필요합니다.,1;4,온라인 교육 병행을 희망합니다.,4,3,3,1;2,행정 절차 간소화가 필요합니다.
97,2026-04-17 10:22:00,하동노인통합지원센터,4,3,4,하동노인통합지원센터,1,1,2,4,2,1,4,3,3,실무 매뉴얼 보완이 필요합니다.,1,2,2,2,4,지속적인 지원을 부탁드립니다.,2;4,3,2,3,5,3,3,2,1,2;3,4,현장 방문 횟수가 늘어나면 좋겠습니다.,5,1,5,2,1,온라인 교육 병행을 희망합니다.,2,1;2,4,4,실무 매뉴얼 보완이 필요합니다.,3,1,3,2,5,1,1,5,현장 방문 횟수가 늘어나면 좋겠습니다.,1;4,교육 주제가 다양해졌으면 합니다.,2,2,2,4;6,현장 방문 횟수가 늘어나면 좋겠습니다.
98,2026-04-05 15:54:00,하동노인통합지원센터,2,2,3,하동노인통합지원센터,2,4,2,4,2,1,3,2;4,2,지속적인 지원을 부탁드립니다.,1;4;6,1,4,2,3,현장 방문 횟수가 늘어나면 좋겠습니다.,2;4;5,5,3,1,1,1,1,3,2,3;5,5,현장 의견 반영이 더 필요합니다.,1,4;5,4;6,3,2,종사자 처우 개선이 시급합니다.,1,1;2;3,5,4,지속적인 지원을 부탁드립니다.,4,1,3,4,2,3,1,3,현장 의견 반영이 더 필요합니다.,4,행정 절차 간소화가 필요합니다.,3,4,2,3;5,종사자 처우 개선이 시급합니다.
99,2026-04-11 15:57:00,경남하동지역자활센터,2,3,4,경남하동지역자활센터,2,5,4,1,2,2,1,2,1,온라인 교육 병행을 희망합니다.,2;4,4,1,4,1,온라인 교육 병행을 희망합니다.,5;6,4,4,2,1,2,1,3,1,3,2,담당자 응대가 친절하고 도움이 되었습니다.,5,2;5,1;5;6,2,4,사전 안내를 좀 더 일찍 해주시면 좋겠습니다.,2,1;3,1,3,사전 안내를 좀 더 일찍 해주시면 좋겠습니다.,4,1;5,3,2,1,1,4,4,온라인 교육 병행을 희망합니다.,1;2;3,현장 의견 반영이 더 필요합니다.,5,4,2,2;5;6,교육 주제가 다양해졌으면 합니다.
100,2026-04-28 09:51:00,경남하동지역자활센터,3,3,1,경남하동지역자활센터,1,5,5,4,1,4,3,2,4,사전 안내를 좀 더 일찍 해주시면 좋겠습니다.,2,2,4,4,3,담당자 응대가 친절하고 도움이 되었습니다.,3,4,4,3,3,2,3,1,3,2;4;5,4,온라인 교육 병행을 희망합니다.,3,1;4;5,3;7,2,4,현장 방문 횟수가 늘어나면 좋겠습니다.,1,5,3,4,교육 주제가 다양해졌으면 합니다.,2,1;5,3,4,4,1,4,3,담당자 응대가 친절하고 도움이 되었습니다.,3,교육 주제가 다양해졌으면 합니다.,5,4,2,1;5;6,현장 의견 반영이 더 필요합니다.
101,2026-04-17 10:32:00,(사)대한노인회함안군지회,4,4,1,(사)대한노인회함안군지회,4,5,3,3,3,1,5,1,4,담당자 응대가 친절하고 도움이 되었습니다.,4,1,1,4,3,지속적인 지원을 부탁드립니다.,4;5;6,5,3,2,2,2,2,1,3,1;4;6,1,현장 방문 횟수가 늘어나면 좋겠습니다.,1,2,4;6;7,4,3,실무 매뉴얼 보완이 필요합니다.,3,1;3;4,2,2,현장 의견 반영이 더 필요합니다.,2,1,2,1,2,4,2,2,현장 방문 횟수가 늘어나면 좋겠습니다.,1;2;5,행정 절차 간소화가 필요합니다.,4,2,2,1;6,담당자 응대가 친절하고 도움이 되었습니다.
102,2026-04-05 16:31:00,(사)대한노인회함안군지회,4,1,4,(사)대한노인회함안군지회,5,2,2,3,5,4,1,1;5,4,현장 방문 횟수가 늘어나면 좋겠습니다.,5;6,3,1,4,4,온라인 교육 병행을 희망합니다.,4;5;6,2,1,3,1,4,3,5,1,4;6,4,사전 안내를 좀 더 일찍 해주시면 좋겠습니다.,4,3;4;5,1;2,3,2,온라인 교육 병행을 희망합니다.,3,2;5,5,3,실무 매뉴얼 보완이 필요합니다.,4,3,4,4,3,4,2,5,교육 주제가 다양해졌으면 합니다.,1;4,담당자 응대가 친절하고 도움이 되었습니다.,2,2,1,1;4;6,온라인 교육 병행을 희망합니다.
103,2026-04-10 12:13:00,(사)대한노인회함안군지회,5,1,1,(사)대한노인회함안군지회,3,3,3,2,2,1,1,1;4,2,사전 안내를 좀 더 일찍 해주시면 좋겠습니다.,2;3;4,3,3,1,3,담당자 응대가 친절하고 도움이 되었습니다.,1;5;6,1,4,2,1,1,1,5,1,1;2;6,2,지속적인 지원을 부탁드립니다.,2,3;4;5,1;6,2,3,지속적인 지원을 부탁드립니다.,2,2,4,4,현장 의견 반영이 더 필요합니다.,2,3;5,5,2,1,3,3,4,지속적인 지원을 부탁드립니다.,2;3;5,현장 방문 횟수가 늘어나면 좋겠습니다.,2,2,2,4;6,종사자 처우 개선이 시급합니다.
104,2026-04-26 14:01:00,(사)대한노인회함안군지회,4,2,1,(사)대한노인회함안군지회,5,1,1,3,3,4,2,1;4,1,담당자 응대가 친절하고 도움이 되었습니다.,1;3;5,4,4,3,3,지속적인 지원을 부탁드립니다.,3,5,5,1,4,4,2,5,4,2;3;4,3,사전 안내를 좀 더 일찍 해주시면 좋겠습니다.,1,3;4;5,2;5;6,3,2,사전 안내를 좀 더 일찍 해주시면 좋겠습니다.,3,1;2;3,1,3,교육 주제가 다양해졌으면 합니다.,3,1;3;4,1,3,3,5,3,1,현장 의견 반영이 더 필요합니다.,1;2;4,실무 매뉴얼 보완이 필요합니다.,1,4,2,6,실무 매뉴얼 보완이 필요합니다.
105,2026-04-19 17:54:00,함안군재가노인통합지원센터,5,2,3,함안군재가노인통합지원센터,3,3,5,2,4,2,1,2;5,3,온라인 교육 병행을 희망합니다.,2,4,4,1,1,현장 의견 반영이 더 필요합니다.,2;4,2,4,1,3,4,4,3,4,4;5;6,4,담당자 응대가 친절하고 도움이 되었습니다.,2,2;3;4,2;6,1,2,온라인 교육 병행을 희망합니다.,4,2,5,3,사전 안내를 좀 더 일찍 해주시면 좋겠습니다.,4,1,3,3,1,5,2,1,지속적인 지원을 부탁드립니다.,3;5,행정 절차 간소화가 필요합니다.,4,1,1,5,현장 방문 횟수가 늘어나면 좋겠습니다.
106,2026-04-02 13:56:00,함안군재가노인통합지원센터,3,2,2,함안군재가노인통합지원센터,4,1,1,5,3,1,1,3;4,4,지속적인 지원을 부탁드립니다.,4;5,2,2,4,4,온라인 교육 병행을 희망합니다.,6,3,1,3,5,4,4,2,4,1;5,4,행정 절차 간소화가 필요합니다.,1,1,3;6;7,1,1,교육 주제가 다양해졌으면 합니다.,1,2;4;5,5,1,사전 안내를 좀 더 일찍 해주시면 좋겠습니다.,2,3,2,2,5,4,1,5,실무 매뉴얼 보완이 필요합니다.,1;4,온라인 교육 병행을 희망합니다.,1,3,2,4,현장 의견 반영이 더 필요합니다.
107,2026-04-28 17:20:00,함안군재가노인통합지원센터,4,3,1,함안군재가노인통합지원센터,1,1,5,2,3,2,2,1;2,3,현장 방문 횟수가 늘어나면 좋겠습니다.,1;2;3,2,1,1,3,현장 방문 횟수가 늘어나면 좋겠습니다.,3,2,4,2,3,4,1,1,2,5,5,교육 주제가 다양해졌으면 합니다.,4,1;4;5,1;3,4,4,사전 안내를 좀 더 일찍 해주시면 좋겠습니다.,4,4,2,1,행정 절차 간소화가 필요합니다.,1,5,2,3,5,4,4,1,종사자 처우 개선이 시급합니다.,2,지속적인 지원을 부탁드립니다.,5,2,1,4;5;6,현장 의견 반영이 더 필요합니다.
108,2026-04-01 16:53:00,사단법인 대한노인회 함양군지회,5,3,2,사단법인 대한노인회 함양군지회,1,1,4,3,5,3,4,2;3,1,담당자 응대가 친절하고 도움이 되었습니다.,1;5;6,3,1,4,1,담당자 응대가 친절하고 도움이 되었습니다.,3;4;5,2,5,3,3,3,3,4,3,6,3,지속적인 지원을 부탁드립니다.,2,3;5,6,2,1,실무 매뉴얼 보완이 필요합니다.,4,1,2,4,종사자 처우 개선이 시급합니다.,4,1;5,1,1,4,1,3,4,실무 매뉴얼 보완이 필요합니다.,2;4,현장 의견 반영이 더 필요합니다.,1,4,2,4,현장 의견 반영이 더 필요합니다.
109,2026-04-08 09:48:00,사단법인 대한노인회 함양군지회,3,3,2,사단법인 대한노인회 함양군지회,1,5,3,2,2,4,3,3,4,실무 매뉴얼 보완이 필요합니다.,1,2,4,1,3,실무 매뉴얼 보완이 필요합니다.,2;4;5,5,5,3,2,1,2,1,2,2;5,5,행정 절차 간소화가 필요합니다.,2,1;3;4,1;4;7,1,3,현장 방문 횟수가 늘어나면 좋겠습니다.,4,1;4,4,3,종사자 처우 개선이 시급합니다.,1,1;2;5,4,4,3,1,4,2,지속적인 지원을 부탁드립니다.,5,현장 의견 반영이 더 필요합니다.,2,4,1,2,담당자 응대가 친절하고 도움이 되었습니다.
110,2026-04-11 13:04:00,미타재가복지센터,1,1,4,미타재가복지센터,4,1,5,3,3,2,1,2;3,1,지속적인 지원을 부탁드립니다.,1;2;4,1,4,1,1,현장 의견 반영이 더 필요합니다.,4,3,1,1,1,4,1,3,4,1,1,종사자 처우 개선이 시급합니다.,1,4;5,5,4,2,실무 매뉴얼 보완이 필요합니다.,1,4;5,4,1,지속적인 지원을 부탁드립니다.,1,3;5,5,2,1,1,1,5,사전 안내를 좀 더 일찍 해주시면 좋겠습니다.,2;3;5,종사자 처우 개선이 시급합니다.,3,3,2,5;6,온라인 교육 병행을 희망합니다.
111,2026-04-06 12:08:00,미타재가복지센터,1,1,2,미타재가복지센터,3,5,4,5,3,3,5,2;4;5,3,실무 매뉴얼 보완이 필요합니다.,3;6,1,2,1,2,종사자 처우 개선이 시급합니다.,1;3;4,2,2,3,2,1,3,2,4,3;4;6,5,실무 매뉴얼 보완이 필요합니다.,3,2;3;4,1,4,1,온라인 교육 병행을 희망합니다.,2,2,2,4,실무 매뉴얼 보완이 필요합니다.,2,4,3,4,2,4,2,1,지속적인 지원을 부탁드립니다.,1,지속적인 지원을 부탁드립니다.,1,5,1,3,온라인 교육 병행을 희망합니다.
112,2026-04-07 14:02:00,미타재가복지센터,1,2,2,미타재가복지센터,3,2,2,3,2,3,5,2,2,현장 의견 반영이 더 필요합니다.,3,1,1,2,4,사전 안내를 좀 더 일찍 해주시면 좋겠습니다.,2;3,4,2,2,3,2,4,1,1,2,2,교육 주제가 다양해졌으면 합니다.,5,3;5,2;4;6,1,2,종사자 처우 개선이 시급합니다.,3,3,2,1,행정 절차 간소화가 필요합니다.,2,1;4;5,1,4,5,1,2,5,현장 방문 횟수가 늘어나면 좋겠습니다.,2;3;5,종사자 처우 개선이 시급합니다.,4,2,2,3;4;5,온라인 교육 병행을 희망합니다.
113,2026-04-16 13:37:00,합천노인통합지원센터,4,1,2,합천노인통합지원센터,2,2,4,2,4,2,3,2;4,3,행정 절차 간소화가 필요합니다.,1;2;6,3,4,3,2,실무 매뉴얼 보완이 필요합니다.,4,5,5,2,4,4,4,4,4,3;4,3,현장 방문 횟수가 늘어나면 좋겠습니다.,1,4,3,1,3,사전 안내를 좀 더 일찍 해주시면 좋겠습니다.,3,1;2;5,2,1,사전 안내를 좀 더 일찍 해주시면 좋겠습니다.,1,1;2,3,2,3,3,3,3,교육 주제가 다양해졌으면 합니다.,2;3;5,종사자 처우 개선이 시급합니다.,3,1,2,3;4,현장 방문 횟수가 늘어나면 좋겠습니다.
114,2026-04-27 09:30:00,합천노인통합지원센터,5,2,4,합천노인통합지원센터,2,2,2,4,2,4,4,1;3,2,현장 방문 횟수가 늘어나면 좋겠습니다.,2;4;6,4,1,3,2,실무 매뉴얼 보완이 필요합니다.,3,1,4,3,3,3,2,4,4,3;4;5,3,실무 매뉴얼 보완이 필요합니다.,1,1;2;5,5;6,4,4,교육 주제가 다양해졌으면 합니다.,4,5,4,2,온라인 교육 병행을 희망합니다.,1,4;5,3,1,2,1,2,1,실무 매뉴얼 보완이 필요합니다.,1;2,교육 주제가 다양해졌으면 합니다.,1,4,2,2,행정 절차 간소화가 필요합니다.
115,2026-04-22 17:04:00,합천노인통합지원센터,4,1,3,합천노인통합지원센터,5,1,2,3,4,4,2,2,4,온라인 교육 병행을 희망합니다.,1;2;4,2,2,3,4,온라인 교육 병행을 희망합니다.,5,5,3,3,2,4,3,2,1,4,1,현장 방문 횟수가 늘어나면 좋겠습니다.,5,5,4;5,4,4,실무 매뉴얼 보완이 필요합니다.,1,1;3;4,4,3,행정 절차 간소화가 필요합니다.,4,1;2;4,2,4,4,4,2,5,사전 안내를 좀 더 일찍 해주시면 좋겠습니다.,1;2,담당자 응대가 친절하고 도움이 되었습니다.,3,5,2,1;2;4,현장 방문 횟수가 늘어나면 좋겠습니다.
116,2026-04-25 17:07:00,코끼리행복복지센터,3,1,1,코끼리행복복지센터,5,3,4,4,2,3,2,1;4;5,1,온라인 교육 병행을 희망합니다.,3;4,2,4,1,1,행정 절차 간소화가 필요합니다.,6,2,3,3,4,4,4,1,1,2;4;6,2,온라인 교육 병행을 희망합니다.,3,2,5,1,2,행정 절차 간소화가 필요합니다.,1,1;2;4,1,3,담당자 응대가 친절하고 도움이 되었습니다.,4,2;5,1,2,4,1,1,4,행정 절차 간소화가 필요합니다.,1;5,현장 의견 반영이 더 필요합니다.,4,2,1,2;6,사전 안내를 좀 더 일찍 해주시면 좋겠습니다.
117,2026-04-01 15:01:00,코끼리행복복지센터,1,3,2,코끼리행복복지센터,1,2,1,2,2,1,4,1;2;3,2,실무 매뉴얼 보완이 필요합니다.,5,4,4,1,2,교육 주제가 다양해졌으면 합니다.,3,3,2,1,4,3,1,4,2,1;2,3,실무 매뉴얼 보완이 필요합니다.,3,1,4,3,4,사전 안내를 좀 더 일찍 해주시면 좋겠습니다.,2,1;3,4,2,지속적인 지원을 부탁드립니다.,2,1;3;4,3,1,5,5,4,4,종사자 처우 개선이 시급합니다.,1;2;4,현장 의견 반영이 더 필요합니다.,5,1,2,6,현장 방문 횟수가 늘어나면 좋겠습니다.
118,2026-04-25 12:39:00,사회적협동조합 합천종합복지공동체,1,1,2,사회적협동조합 합천종합복지공동체,3,4,3,2,2,4,2,1;2;3,4,지속적인 지원을 부탁드립니다.,3,3,1,4,3,현장 의견 반영이 더 필요합니다.,6,3,3,1,2,1,2,2,4,2;3;4,1,사전 안내를 좀 더 일찍 해주시면 좋겠습니다.,4,2,6,2,2,담당자 응대가 친절하고 도움이 되었습니다.,1,5,5,2,교육 주제가 다양해졌으면 합니다.,1,3;4,2,2,2,4,2,5,교육 주제가 다양해졌으면 합니다.,3;4,교육 주제가 다양해졌으면 합니다.,3,4,1,4;6,담당자 응대가 친절하고 도움이 되었습니다.
119,2026-04-16 16:27:00,사회적협동조합 합천종합복지공동체,5,4,2,사회적협동조합 합천종합복지공동체,4,1,4,4,1,3,5,2;4;5,4,온라인 교육 병행을 희망합니다.,3;4,4,4,1,3,담당자 응대가 친절하고 도움이 되었습니다.,2;4;5,2,1,1,5,3,4,4,4,3;6,4,온라인 교육 병행을 희망합니다.,3,1;2;5,1,4,2,교육 주제가 다양해졌으면 합니다.,4,3;4,3,1,현장 방문 횟수가 늘어나면 좋겠습니다.,4,2;4;5,1,3,1,2,3,5,온라인 교육 병행을 희망합니다.,1;2;3,실무 매뉴얼 보완이 필요합니다.,5,2,1,1,현장 방문 횟수가 늘어나면 좋겠습니다.
